,id,created_at,text
0,1587062096306372608,2022-10-31 12:41:04+00:00,Puan menuntut Polri transparan dalam pengusutan setiap kasus yang ditangani. Dia mengingatkan agar Polri meningkatkan perlindungan kepada masyarakat. Dia juga menegaskan DPR akan terus melakukan pengawasan terhadap kinerja Polri. https://t.co/PiEeGPIMkO 2024 presiden peremPUAN
1,1587055787905814528,2022-10-31 12:16:00+00:00,Kalo ada yg nanya knp sih g' ada film/series lokal kita yg ceritanya mengkritik kinerja polisi? MinGil saranin nonton series/film dr India yg secara kultur deket ama kita yg emank berani banget utk tema sejenis ini. Salah satunya ya Delhi Crime ini. Moga masih lanjut ke season 3 https://t.co/2lsjtjT8Rq
2,1587054014721454080,2022-10-31 12:08:57+00:00,"@siapkawalpolri Betul memang tugas polri selalu mengayomi dan melindungi masyarakat, semoga kinerja polri kedepannya terus meningkat @ListyoSigitP"
3,1587042748162793473,2022-10-31 11:24:11+00:00,Kenaikan pangkat Pengabdian bukan merupakan keharusan namun merupakan hasil penilaian dan prestasi serta kinerja personil itu sendiri yang telah dengan sungguh-sungguh mengabdikan dirinya kepada Insitusi Polri. https://t.co/6mQhwvDGO1
4,1587042697302642688,2022-10-31 11:23:59+00:00,@Res1Tulungagung Kenaikan pangkat Pengabdian bukan merupakan keharusan namun merupakan hasil penilaian dan prestasi serta kinerja personil itu sendiri yang telah dengan sungguh-sungguh mengabdikan dirinya kepada Insitusi Polri.
5,1587035768098168832,2022-10-31 10:56:27+00:00,@siapkawalpolri Setuju dengan apa yg dikatakan oleh pak @ListyoSigitP bahwasanya masyarakat harus layani dengan sungguh-sungguh serta bekerja dengan se transparan mungkin agar masyarakat bisa melihat langsung kinerja dari kepolisian
6,1587035291206168577,2022-10-31 10:54:33+00:00,"@ListyoSigitP Apresiasi untuk Pak Kapolri, hasil dari perbaikan citra dan kinerja POLRI akan masy rasakan mgkn tdk hny hari ini, tp ke dpnnya di sgla aspek dan layanan masy. 
Sehat terus Pak Kapolri &amp; jajaranya dmnpun brdaüí™. Masy rindu Polisi yg dsyangi dg tekad BERSAMA RKYAT POLRI KUAT."
7,1587022316277407744,2022-10-31 10:03:00+00:00,@siapkawalpolri Pak Jendral memberikan himbauan ini guna memperbaiki kinerja kepolisiaan agar lebih baik. Bravo @ListyoSigitP @DivHumas_Polri
8,1587014458744147968,2022-10-31 09:31:46+00:00,"giat Tim Audit Kinerja Itwasda Polda Sulsel Tahap II Aspek Pelaksanaan dan Pengendalian T.A. 2022 *Polres Torut* yang dipimpin oleh Auditor Kepolisian Madya TK III Itwasa Polda Sulsel KOMBES POL RASPANI, S.I.K selaku Pengawas Tim 1 didampingi Ketua Tim 1 https://t.co/2syJFXo6U0"
9,1587008040242663424,2022-10-31 09:06:16+00:00,"RT @PolresSbt: News Update Today‚ÄºÔ∏è‚ÄºÔ∏è‚ÄºÔ∏è
https://t.co/S3GMzgGWDE
#PolresSBT
#PoldaMaluku
#PolriPresisi"
10,1587007724562558976,2022-10-31 09:05:01+00:00,"RT @PolresSbt: News Update Today‚ÄºÔ∏è‚ÄºÔ∏è‚ÄºÔ∏è
https://t.co/S3GMzgGWDE
#PolresSBT
#PoldaMaluku
#PolriPresisi"
11,1587005800295567362,2022-10-31 08:57:22+00:00,Kenaikan pangkat Pengabdian bukan merupakan keharusan namun merupakan hasil penilaian dan prestasi serta kinerja personil itu sendiri yang telah dengan sungguh-sungguh mengabdikan dirinya kepada Insitusi Polri. https://t.co/L7SxnCnu2e https://t.co/YCgr7p7Jya
12,1586998302859370497,2022-10-31 08:27:35+00:00,"RT @Pr1nceOfWolves: ORGANISASI RISET
Manajemen kinerja global asal AS

26/10 kemarin merilis hasil penilaian masyarakat internasional atas‚Ä¶"
13,1586997634631602176,2022-10-31 08:24:55+00:00,@siapkawalpolri Bukti kinerja yang sangat baik atas apa yag sudah dilakukan para polisi yang memberikan pelayanan kesehatan kepada masyarakat. @DivHumas_Polri @ListyoSigitP
14,1586996007749189637,2022-10-31 08:18:27+00:00,https://t.co/Oa3rOzQHBI
15,1586990221237063682,2022-10-31 07:55:28+00:00,Kenaikan pangkat Pengabdian bukan merupakan keharusan namun merupakan hasil penilaian dan prestasi serta kinerja personil itu sendiri yang telah dengan sungguh-sungguh mengabdikan dirinya kepada Insitusi Polri. https://t.co/YMJ4qBgBL3
16,1586983745218715648,2022-10-31 07:29:44+00:00,"Posisi lima besar itu merujuk pada persepsi masyarakat trhdp kinerja aparat kepolisian masing2 negara

Ada 4 pertanyaan guna mengukur rasa keamanan pribadi seseorang serta pengalaman pribadi mereka terhadap kejahatan dan penegakan hukum https://t.co/klQG9ECLfI"
17,1586950661329256449,2022-10-31 05:18:16+00:00,Bhabinkamtibmas melakukan Sosialisasi kepada warga Kelurahan bulian atas nama: pak DarwinKartu Barcode Aplikasi Pelayanan Pengaduan Masyarakat Terpadu yang bertujuan untuk melayani pengaduan masyarakat terkait Kinerja Polri dan atau Pelanggaran Anggota Polri https://t.co/X51hK4u1bw
18,1586939724622487552,2022-10-31 04:34:48+00:00,"Polri Urutan 5 Besar Dunia

Gallup, Lembaga Konsultan dan analisa Amerika Serikst (AS) biasa melakukan poling secara global, merilis survei terbarunya terkait hukum dan ketertiban di sejumlah negara.

Hasilnya, kinerja Kepolisian Republik Indonesia (Polri) menempati urutan lima. https://t.co/kfqmTziTJY"
19,1586921735882174464,2022-10-31 03:23:20+00:00,"RT @bayususeno2001: Melalui semangat sumpah pemuda, mari kita tingkatkan kinerja Polres Bengkayang untuk melayani masyarakat Kab Bengkayang‚Ä¶"
20,1586912983807979520,2022-10-31 02:48:33+00:00,"RT @Pr1nceOfWolves: ORGANISASI RISET
Manajemen kinerja global asal AS

26/10 kemarin merilis hasil penilaian masyarakat internasional atas‚Ä¶"
21,1586903025142333441,2022-10-31 02:08:59+00:00,@siapkawalpolri Kinerja Kapolri @ListyoSigitP dan @DivHumas_Polri telah maksimal dalam menuntaskan kasus ini. Sekarang waktunya untuk @KejaksaanRI menunjukan kinerjanya yang profesional dalam menyelesaikan kasus Sambo ini.
22,1586898576109494273,2022-10-31 01:51:18+00:00,"Melalui semangat sumpah pemuda, mari kita tingkatkan kinerja Polres Bengkayang untuk melayani masyarakat Kab Bengkayang dengan sepenuh hati. 

@DivHumas_Polri @ListyoSigitP 

https://t.co/AluChq3YFW"
23,1586897743166861312,2022-10-31 01:47:59+00:00,"Alhamdulillaah... Polres Bengkayang peroleh Penghargaan dari Komnas Perlindungan Anak sebagai Polres Peduli Stunting. Hal ini membuat kami semakin meningkatkan kinerja kami untuk masyarakat Kab. Bengkayang.

@DivHumas_Polri 
@ListyoSigitP 

https://t.co/ClOOXnhd6V"
24,1586891015369428992,2022-10-31 01:21:15+00:00,"RT @Pr1nceOfWolves: ORGANISASI RISET
Manajemen kinerja global asal AS

26/10 kemarin merilis hasil penilaian masyarakat internasional atas‚Ä¶"
25,1586881959183417344,2022-10-31 00:45:16+00:00,Pihak kepolisian menyalahkan kinerja panitia festival musik Berdendang Bergoyang yang abai dalam menjaga keamanan. #berdendangbergoyang.
26,1586876337197023232,2022-10-31 00:22:56+00:00,@siapkawalpolri Kinerja yang sangat baik dan tegas pak @ListyoSigitP semoga bisa terus konsisten dalam mengungkap kebenaran dan menegakan keadilan.@DivHumas_Polri
27,1586825048567951361,2022-10-30 20:59:08+00:00,"RT @Pr1nceOfWolves: ORGANISASI RISET
Manajemen kinerja global asal AS

26/10 kemarin merilis hasil penilaian masyarakat internasional atas‚Ä¶"
28,1586810838396338176,2022-10-30 20:02:40+00:00,"RT @Pr1nceOfWolves: ORGANISASI RISET
Manajemen kinerja global asal AS

26/10 kemarin merilis hasil penilaian masyarakat internasional atas‚Ä¶"
29,1586789028807876608,2022-10-30 18:36:00+00:00,"Pihak kepolisian menyalahkan kinerja panitia festival musik Berdendang Bergoyang yang abai dalam menjaga keamanan.
#berdendangbergoyang 
https://t.co/2E6b13lMCX https://t.co/xzhfRPKfcw"
30,1586740588530892800,2022-10-30 15:23:31+00:00,"@siapkawalpolri Kinerja bagus yang diterapkan oleh @DivHumas_Polri ini hal yang patut dipuji, semoga keanggotaan polri dimanapun bisa melakukan hal seperti ini juga"
31,1586740184548188161,2022-10-30 15:21:54+00:00,"RT @Pr1nceOfWolves: ORGANISASI RISET
Manajemen kinerja global asal AS

26/10 kemarin merilis hasil penilaian masyarakat internasional atas‚Ä¶"
32,1586735060853874688,2022-10-30 15:01:33+00:00,"@siapkawalpolri Kinerja bagus yang diterapkan oleh @DivHumas_Polri ini hal yang patut dipuji, semoga keanggotaan polri dimanapun bisa melakukan hal seperti ini juga"
33,1586733114386051072,2022-10-30 14:53:49+00:00,"@siticeriaselalu @Pr1nceOfWolves Utk peringkat polisi indonesia di urutan ke5 sih menurut que dri sisi  kinerja masih blm tepat
Selain itu bnyk yg bergaya hedon jauh dri sifat kesederhanaan dlm bertugas
Secara penaganan kasus besarpun klo tidak tagar nitizen mah diam sj
Makanya que ngk percaya itu bro"
34,1586732981904809984,2022-10-30 14:53:17+00:00,"@siapkawalpolri @ListyoSigitP Selamat pak @ListyoSigitP kinerja bapak memang tidak diragukan lagi. Hal ini bisa dirasakan oleh kapolri-kapolri sebelum bapak! Keren, ikut berbangga atas profesionalitas bapak @DivHumas_Polri"
35,1586731459246641155,2022-10-30 14:47:14+00:00,"RT @Pr1nceOfWolves: ORGANISASI RISET
Manajemen kinerja global asal AS

26/10 kemarin merilis hasil penilaian masyarakat internasional atas‚Ä¶"
36,1586729754316574720,2022-10-30 14:40:28+00:00,@siapkawalpolri @ListyoSigitP @jokowi Sangat wajar menurut saya. Kinerja kapolri @ListyoSigitP dna jajarannya @DivHumas_Polri memang sangat baim belakangan ini. Mereka tampil sebagai penegak hukum yg adil dan profesional
37,1586729498363338752,2022-10-30 14:39:27+00:00,@siapkawalpolri @ListyoSigitP @jokowi Wajar saja polri @divisihumaspolri mendapatkan banyak dukungan dari berbagai kalangan. Hal ini tenrunya datang dari kinerja yg tegas dan profesional dalam menindak setiap kasus belakangan ini @ListyoSigitP @DivHumas_Polri
38,1586723219372769281,2022-10-30 14:14:30+00:00,"RT @Pr1nceOfWolves: ORGANISASI RISET
Manajemen kinerja global asal AS

26/10 kemarin merilis hasil penilaian masyarakat internasional atas‚Ä¶"
39,1586723040578375681,2022-10-30 14:13:47+00:00,"RT @Pr1nceOfWolves: ORGANISASI RISET
Manajemen kinerja global asal AS

26/10 kemarin merilis hasil penilaian masyarakat internasional atas‚Ä¶"
40,1586722440893566981,2022-10-30 14:11:24+00:00,https://t.co/M5DIjOYLXR
41,1586722406684839936,2022-10-30 14:11:16+00:00,https://t.co/Ufd3GlXgfR
42,1586722380608860160,2022-10-30 14:11:10+00:00,https://t.co/yweeEa57lB
43,1586722354478354432,2022-10-30 14:11:03+00:00,https://t.co/YefQPWl1u1
44,1586722323767635970,2022-10-30 14:10:56+00:00,https://t.co/tf32dohAEO
45,1586722300971606018,2022-10-30 14:10:51+00:00,https://t.co/XyHCCzejmt
46,1586722268801273856,2022-10-30 14:10:43+00:00,https://t.co/cuME7H6oGm
47,1586722232835141632,2022-10-30 14:10:34+00:00,https://t.co/s8gI8hbRPo
48,1586722202896203777,2022-10-30 14:10:27+00:00,https://t.co/tOVHbWGT1D
49,1586722168876195841,2022-10-30 14:10:19+00:00,https://t.co/dUkkEjQ1aj
50,1586722133790830593,2022-10-30 14:10:11+00:00,https://t.co/nyuQpwh1LD
51,1586722100286750722,2022-10-30 14:10:03+00:00,https://t.co/gHvEjpxud9
52,1586722063758553088,2022-10-30 14:09:54+00:00,https://t.co/EYsmzXeslk
53,1586722031416270848,2022-10-30 14:09:46+00:00,https://t.co/iwg6h8wypW
54,1586721991188688896,2022-10-30 14:09:37+00:00,https://t.co/4CgV5FLvNa
55,1586721962214457345,2022-10-30 14:09:30+00:00,https://t.co/hPEf3m8ajM
56,1586721935249281024,2022-10-30 14:09:23+00:00,https://t.co/YfO5SZZpy2
57,1586721904815374336,2022-10-30 14:09:16+00:00,https://t.co/yZxg6nqMzw
58,1586721874842890240,2022-10-30 14:09:09+00:00,https://t.co/poV2vAD2cs
59,1586721846527164416,2022-10-30 14:09:02+00:00,https://t.co/RIsgCRnX7E
60,1586721818404323329,2022-10-30 14:08:56+00:00,https://t.co/oyZuTjYtRu
61,1586721789371351042,2022-10-30 14:08:49+00:00,https://t.co/JcNCTrnJ46
62,1586721652997779456,2022-10-30 14:08:16+00:00,https://t.co/VEDbhhtw7n
63,1586721612321419266,2022-10-30 14:08:06+00:00,https://t.co/s7BrPq60mR
64,1586721584869670913,2022-10-30 14:08:00+00:00,https://t.co/GKmy1Rb1jG
65,1586721559431249921,2022-10-30 14:07:54+00:00,https://t.co/vwL4cluvQt
66,1586721529857191942,2022-10-30 14:07:47+00:00,https://t.co/wcCtqJOgfa
67,1586721078080061444,2022-10-30 14:05:59+00:00,"RT @Pr1nceOfWolves: ORGANISASI RISET
Manajemen kinerja global asal AS

26/10 kemarin merilis hasil penilaian masyarakat internasional atas‚Ä¶"
68,1586721039769554944,2022-10-30 14:05:50+00:00,"Setiap laporan masyarakat harus dianggap penting.
Kapolri minta agar polisi jangan 'ghosting' dalam tangani aduan masyarakat.
Golkar dukung peningkatan kinerja kepolisian.

#polripresisi #polri #polriuntukindonesia #golkar #golkar2024 https://t.co/nxCcBrCuDI"
69,1586720267753361408,2022-10-30 14:02:46+00:00,"@siapkawalpolri Kinerja bagus kaya gini harus diapresiasi, apalagi polri yang melakukan. Semoga @DivHumas_Polri seluruhnya bisa seperti ini yaitu dekat dengan rakyat dan melindungi."
70,1586719895634563076,2022-10-30 14:01:17+00:00,@siapkawalpolri Pertahankan kinerja bagus seperti ini @DivHumas_Polri. Bentuk dari tugas polri sedang dilakukan yaitu melindungi rakyat. Bagus nih ada kaya gini.
71,1586719757730205698,2022-10-30 14:00:44+00:00,"ORGANISASI RISET
Manajemen kinerja global asal AS

26/10 kemarin merilis hasil penilaian masyarakat internasional atas kinerja Kepolisian diseluruh dunia

Mereka menilai dari aspek  penegakan hukum &amp; ketertiban umum

Terperangah üò±
Bangga atas nama bangsaüáÆüá©
Sekaligus heran ?ü§î
. https://t.co/UzOBbChyGm"
72,1586719010791497729,2022-10-30 13:57:46+00:00,"@NopokNolad @henrysubiakto @PartaiSocmed Melapornya itu memang legal, saya kasih jempol. Tapi disaat ada ketidak puasan atas kinerja polri versi sang Profesor, mbok ya jgn cemen celometan curhat di medsos. Datang saja ke Bareskrim, pasti dilayani dan ditindak lanjuti kok. üòÄ"
73,1586692739281788928,2022-10-30 12:13:23+00:00,RT @elsa_nandaa: @siapkawalpolri @ListyoSigitP Kewibawaan pak @ListyoSigitP mampu membuat kinerja polri semakin baik. Terbukti betapa cekat‚Ä¶
74,1586688840462311424,2022-10-30 11:57:53+00:00,"@tvindonesiawkwk Makanya mari kita bersama sama benahi
Dari dalam pihak kepolisian akhlaq diperbaiki
Dari luar kita kritisi kinerja yg salah"
75,1586672216967905280,2022-10-30 10:51:50+00:00,@siapkawalpolri @ListyoSigitP Wibawa yang dimiliki pak @ListyoSigitP sampat saat ini mampu membuat kinerja kepolisian lebih baik.
76,1586667958272565253,2022-10-30 10:34:54+00:00,@siapkawalpolri @ListyoSigitP Kewibawaan pak @ListyoSigitP mampu membuat kinerja polri semakin baik. Terbukti betapa cekatannya kinerja polri dibawah arahan pak Kapolri saat ini
77,1586666285840371714,2022-10-30 10:28:16+00:00,"@siapkawalpolri @ListyoSigitP Apresiasi kinerja polri yang gesit banget nih. Arahan Kapolri langsung dilaksanakan, dapat dilihat sikap wibawa seorang Kapolri mampu menggerakkan instansi polri untuk semakin baik @ListyoSigitP"
78,1586662443484209153,2022-10-30 10:12:59+00:00,"Semoga kedepannya kinerja polri semakin baik dan amanah, dan masyarakat kembali percaya kpf polri #KolaborasiUlamaPolri
Doa Untuk Polri https://t.co/wJb5rP9F65"
79,1586639857870258176,2022-10-30 08:43:15+00:00,"sukses selalu untuk para ulama dan kinerja polri #KolaborasiUlamaPolri
Doa Untuk Polri https://t.co/icf4PtFVAQ"
80,1586639674378158081,2022-10-30 08:42:31+00:00,"Semangat terus menjalankan roda roda kinerja dan menjaga kemaslahatan pemerintah 
#KolaborasiUlamaPolri
Doa Untuk Polri https://t.co/oZeynjVunX"
81,1586639458623160320,2022-10-30 08:41:39+00:00,"Dengan adanya #KolaborasiUlamaPolri semoga kinerja ulama dan polri semakin baik
Doa Untuk Polri https://t.co/2BC9sSvSiV"
82,1586639040291344385,2022-10-30 08:40:00+00:00,"Guys dengan hadirnya #KolaborasiUlamaPolri ini semoga semakin maksimal yaa kinerja polri kita.
Doa Untuk Polri https://t.co/sL9yGrGt6d"
83,1586637919950807041,2022-10-30 08:35:33+00:00,"Alhamdulillah  berhasil dalam mengembangkan tugas dan amanah kinerja 
#KolaborasiUlamaPolri
Doa Untuk Polri https://t.co/e6efHm556x"
84,1586636526863147010,2022-10-30 08:30:00+00:00,"Kapolri sejauh ini sudah berusaha cukup keras untuk mengembalikan kepercayan public terhadap kinerja polri
#KolaborasiUlamaPolri
Doa Untuk Polri https://t.co/VnHUWyAuFI"
85,1586634007394992129,2022-10-30 08:20:00+00:00,"Sem9ga doa ulama dan kita mwmbuat kinerja polei mak8n maju
#KolaborasiUlamaPolri
Doa Untuk Polri https://t.co/0vl1iQbt88"
86,1586634007323680769,2022-10-30 08:20:00+00:00,"Meski kini kepercayaan pemerintah turun akibat beberapa kasus, namun Kapolti berusaha keras untuk kembali meningkatkan kinerja dan kepercayaan tersebut

#KolaborasiUlamaPolri
Doa Untuk Polri https://t.co/uofhZQjZdw"
87,1586631490850340864,2022-10-30 08:10:00+00:00,"Kapolri menegaskan jika Institusi Polri terbuka dengan kritikan sebab itu bisa membangun kinerja Polri lebih baik #KolaborasiUlamaPolri
Doa Untuk Polri https://t.co/jPRjhXgdzL"
88,1586621424218800129,2022-10-30 07:30:00+00:00,"Selalu mendukung kinerja baik pak Kapolri, beliau pasti bisa meyakinkan masyarakat untuk peningkatan pelayanan publik 

#KolaborasiUlamaPolri
Doa Untuk Polri https://t.co/8cG8jsQcNJ"
89,1586616211974262784,2022-10-30 07:09:17+00:00,"Kinerja Kapolri sejauh ini sudah sangatt baik, terbukti dpatt menyelesaikan berbagi persoalan hinggaa tuntas.
#KolaborasiUlamaPolri
Doa Untuk Polri https://t.co/Sj0jqqgBo5"
90,1586613877952880641,2022-10-30 07:00:01+00:00,"Harapan kita kedepanya kinerja polei akan semakin mantap dengan adanya kalaborasi ini
#KolaborasiUlamaPolri
Doa Untuk Polri https://t.co/9GlqsxkGHj"
91,1586608908457869313,2022-10-30 06:40:16+00:00,"Kinerja Kapolri sejauh ini sudah sangat baik, terbukti dapat menyelesaikan berbagi persoalan hingga tuntas.
#KolaborasiUlamaPolri
Doa Untuk Polri https://t.co/FytrR5z8a4"
92,1586608255584739328,2022-10-30 06:37:40+00:00,Bhabinkamtibmas Aipda SH Nauli Siregar melakukan Sosialisasi kepada warga Kel.Bagelen tentang *Kartu Barcode Aplikasi Pelayanan Pengaduan Masyarakat Terpadu* yang bertujuan untuk melayani pengaduan masyarakat terkait Kinerja Polri dan atau Pelanggaran Anggota Polri https://t.co/hLAomGciA0
93,1586608015897112576,2022-10-30 06:36:43+00:00,"Nampak begitu hangat obrolan kapolri dan salah seorang ulama. Ini merupakan bukti nyata #KolaborasiUlamaPolri dalam meningkatkan kinerja positif Polri
Doa Untuk Polri https://t.co/Vohrjj3ALV"
94,1586607742436880384,2022-10-30 06:35:38+00:00,"Nampak begitu hangat obrolan kapolri dan salah seorang ulama. Ini merupakan bukti nyata #KolaborasiUlamaPolri dalam meningkatkan kinerja positif Polri
Doa Untuk Polri https://t.co/KNZd9I8QRY"
95,1586606534360170497,2022-10-30 06:30:50+00:00,"Semoga polri lebih giat lagi dalam kinerja nya untuk masyarakat.#KolaborasiUlamaPolri
Doa Untuk Polri https://t.co/VB2x4mk1gj"
96,1586606324875509763,2022-10-30 06:30:00+00:00,"Kalaborasi antara polri dan ulama akan meningkatkan kepercayaan publik akan kinerja polisi
#KolaborasiUlamaPolri
Doa Untuk Polri https://t.co/GqQXBoJQtm"
97,1586603808158756864,2022-10-30 06:20:00+00:00,"dalam kunjungan kepada ulama ini pak kapolri juga menyampaikan komitmen besarnya untuk meningkatkan kualitas kinerja polri
#KolaborasiUlamaPolri
Doa Untuk Polri
https://t.co/fdQcyHRRgT"
98,1586601480995291138,2022-10-30 06:10:45+00:00,"Moga setelah datang ke habib kinerja kapolri lebih optimal lagi amin 
#KolaborasiUlamaPolri
Doa Untuk Polri https://t.co/nJ4NYQEYJW"
99,1586601291731460097,2022-10-30 06:10:00+00:00,Kapolri Listyo Sigit menyampaikan beberapa hal terkait komitmen Kapolri dalam meningkatkan kinerja polri. Mantap dukung #KolaborasiUlamaPolri Doa Untuk Polri https://t.co/vCVXVuez9G
100,1586598961053241344,2022-10-30 06:00:44+00:00,"Masyarakat sempat meragukan kinerja kapolri karena bnyak nya kasus sekarang ini.#KolaborasiUlamaPolri
Doa Untuk Polri https://t.co/u0OSP3RulJ"
101,1586598868426588160,2022-10-30 06:00:22+00:00,"Kinerja yang baik telah dilakukan oleh Pak Kapolri Sigit, beliau terus berusaha untuk meyakinkan masyarakat bahwa pelayanan Polri terhadap masyarakat akan terus meningkat

#KolaborasiUlamaPolri
Doa Untuk Polri https://t.co/Cruk1gGTbm"
102,1586598779385520128,2022-10-30 06:00:01+00:00,"Mari sama-sama saling memperbaiki diri untuk menghasilkan kinerja terbaik üëç

#KolaborasiUlamaPolri
Doa Untuk Polri
https://t.co/jEg6wMKuzr"
103,1586598778835939328,2022-10-30 06:00:01+00:00,"Berharap banget nih dengan adanya #KolaborasiUlamaPolri dapat meningkatkan kinerja keduanya jadi lebih baik 
Doa Untuk Polri https://t.co/TWi9yUcQKb"
104,1586597623540350976,2022-10-30 05:55:25+00:00,"Semakin tinggi rakyat percaya pads polri akan mempengaruhi kinerja nya juga. Maka harus saling dukung ya bestiee #KolaborasiUlamaPolri
Doa Untuk Polri 
https://t.co/D1yaDhjKf7"
105,1586596258495442944,2022-10-30 05:50:00+00:00,"Bapak Kapolri Listyo Sigit Pramono disambut hangat oleh para ulama dan mendoakan agar kinerja Polri semakin membaik
#KolaborasiUlamaPolri
Doa Untuk Polri https://t.co/DGUhcb3B2M"
106,1586596258482769928,2022-10-30 05:50:00+00:00,"#KolaborasiUlamaPolri
Doa Untuk Polri untuk selalu menjaga Marwah institusi dan menjaga kepercayaan publik terhadap kinerja polri. Kita sama sama berdoa untuk negara kita tercinta https://t.co/CILSM6m3Cn"
107,1586592164548464641,2022-10-30 05:33:44+00:00,"@Mpon_Mponn Wa kinerja polri emang mantep sihh.. semoga tetep baik untuk kedepannya #KolaborasiUlamaPolri
Doa Untuk Polri"
108,1586591775065780224,2022-10-30 05:32:11+00:00,"@Mpon_Mponn Mantab banget kinerja kapolri ini, sangat mbagus memberi contoh kepada generasi muda #KolaborasiUlamaPolri
Doa Untuk Polri"
109,1586591654232068096,2022-10-30 05:31:42+00:00,"Mas bro dan mbak sis, Kapolri Listyo Sigit melakukan silaturahmi dengan para ulama. Lanjutkan kinerja positif pak #KolaborasiUlamaPolri Doa Untuk Polri https://t.co/qWTuT5hqJS"
110,1586585798731739136,2022-10-30 05:08:26+00:00,"Upaya Kapolri dalam  meningkatkan kinerja demi mengembalikan kepercayaan masyarakat dan publik terhadap polisi patut di apresiasi #KolaborasiUlamaPolri Doa Untuk Polri
https://t.co/mfoH2nQoJX"
111,1586585449828450305,2022-10-30 05:07:03+00:00,Kapolri mengunjungi beberapa ulama dan habaib guna menjalin #KolaborasiUlamaPolri  dan membahas beberapa hal mengenai kinerja polisi Doa Untuk Polri https://t.co/uxKMKoVRyt
112,1586585159666524160,2022-10-30 05:05:54+00:00,"Dg menurunnya kprcyaan malah makin buat polisi jdkan acuan kinerja merka
#KolaborasiUlamaPolri
Doa Untuk Polri https://t.co/YzjckBpqey"
113,1586585133653467136,2022-10-30 05:05:47+00:00,Kapolri mengunjungi beberapa ulama dan habaib guna menjalin #KolaborasiUlamaPolri  dan membahas beberapa hal mengenai kinerja polisi Doa Untuk Polri https://t.co/wJPXrp5kJT
114,1586585066846625792,2022-10-30 05:05:31+00:00,@siapkawalpolri Keren Kapolri @ListyoSigitP Sudah bnyk diapresiasi dr berbagai pihak yg akhirnya mengakui kinerja Polri dlm kasus belakangan ini
115,1586584937851162625,2022-10-30 05:05:01+00:00,"Di tengah kritik tajam di dalam negeri, kinerja Polri diapresiasi apik oleh lembaga jajak pendapat dunia, Gallup, Inc. Ini terlihat dalam laporan Gallup Global Law and Order Index 2022. https://t.co/t3abjxE7uY"
116,1586584934298390528,2022-10-30 05:05:00+00:00,"Kapolri jend. Listyo Sigit menjadi pembicara Di UIN Walisongo kemarin, beliau menyampaikan beberapa hal terkait komitmen peningkatan kinerja polri. Semangat selalu dukung #KolaborasiUlamaPolri Doa Untuk Polri 
https://t.co/7f7SopWlXQ"
117,1586584786138955776,2022-10-30 05:04:24+00:00,"Komitmen kapolri dalam  melakukan kinerja dan upaya terbaik demi mengembalikan kepercayaan masyarakat dan publik terhadap polisi. Semoga selalu sukses #KolaborasiUlamaPolri Doa Untuk Polri
https://t.co/2nTGQ3WgDK"
118,1586584514109014017,2022-10-30 05:03:20+00:00,"Kolaborasi Polri dengan Ulama tersebut sangat mendukung dan melengkapi didalam kinerja yang keras terdapat doa-doa yang dipanjatkan 
#KolaborasiUlamaPolri
Doa Untuk Polri https://t.co/Dq8L5nAiqH"
119,1586584405421985792,2022-10-30 05:02:54+00:00,"Semangat para pemuda pemudi penerus bangsa!
Terus berikan dukungan terhadap kinerja Polri dalam melaksanakan tugasnya 
#KolaborasiUlamaPolri
Doa Untuk Polri https://t.co/XeAxVmo4EC"
120,1586583929808883712,2022-10-30 05:01:00+00:00,"Silaturahmi dan do'a bersama,semoga kinerja polri lebih baik lagi menjaga keutuhan NKRI. #KolaborasiUlamaPolri
Doa Untuk Polri https://t.co/ZX7OArcfmt"
121,1586583681426227200,2022-10-30 05:00:01+00:00,"Tidak menjadi halangan dalam bertugas para Polri, namun turunnya kepercayaan masyarakat atas kinerja Polri menjadi acuan untuk terus upgrade pelayanan kepada masyarakat #KolaborasiUlamaPolri Doa Untuk Polri 

https://t.co/H4S3WOMn0k"
122,1586583681094733826,2022-10-30 05:00:01+00:00,"Bukannya menjadi halangan dalam bertugas, tetapi turunnya kepercayaan masyarakat terhadap kinerja Polri menjadi acuan agar Polri terus melakukan upaya pelayanan yang terbaik kepada masyarakat #KolaborasiUlamaPolri Doa Untuk Polri 

https://t.co/3h5SVmsl30"
123,1586583677772845057,2022-10-30 05:00:00+00:00,"Dengan turunnya kepercayaan masyarakat atas kinerja Polri 
halini justru  menjadi acuan untuk terus perbaiki pelayanan kepada masyarakat #KolaborasiUlamaPolri Doa Untuk Polri 
https://t.co/xe3OmKJoeb"
124,1586583677739233280,2022-10-30 05:00:00+00:00,"Kapolri menyampaikan bahwa ia juga telah berusaha memperbaiki  budaya pelayanan di tubuh Polri, semoga Polri terus membaik kinerja nya ya 
#KolaborasiUlamaPolri
Doa Untuk Polri https://t.co/d5EZmSgGjK"
125,1586581239993024512,2022-10-30 04:50:19+00:00,"@Humasresla Selalu suarakan kinerja polri, agar rakyat kembali cintai lembaga ini.bselamat HUT"
126,1586575347532767232,2022-10-30 04:26:54+00:00,@TirtoID Lebih baik citra polisi turun sehingga ada evaluasi dan perbaikan kinerja ketimbang citra baik namun tidak ada perbaikan pelayanan yang sudah kusam selama bertahun-tahun.
127,1586574614020313089,2022-10-30 04:23:59+00:00,"@Izza220620 @pertamina135 @DivHumas_Polri @CCICPolri bukan di Kalimantan aja Bang terjadi spt ini, g bakalan di tindak lanjutin Bang, percuma...beginilah Kinerja nya @pertamina , @pertamina135"
128,1586574331727196160,2022-10-30 04:22:52+00:00,"Aksi Ojol Surabaya Dukung Polri Perbaiki Kinerjanya

Komunitas Ojol Surabaya mendukung kinerja POLRI memperbaiki citra dengan menggelorakan tagar #DriverOnlineButuhPolisi #OjolSurabayaMitraPolri https://t.co/3DXsA1YtWB"
129,1586574214630617088,2022-10-30 04:22:24+00:00,@DivHumas_Polri Kami sepenuhnya yakin terhadap kinerja Polri hadapi persoalan di Indonesia
130,1586573467213713408,2022-10-30 04:19:26+00:00,@DivHumas_Polri Kami semuanya yakin pada kinerja Polri hadapi persoalan di Indonesia
131,1586573263114625029,2022-10-30 04:18:37+00:00,@DivHumas_Polri Kami semuanya percaya terhadap kinerja Polri hadapi kasus di Indonesia
132,1586572340145815553,2022-10-30 04:14:57+00:00,@DivHumas_Polri Kami semuanya percaya pada kinerja Polri menghadapi kasus di Indonesia
133,1586569007011766273,2022-10-30 04:01:42+00:00,"Emang terbaik deh, ga usah ragu lagi dengan kinerja para Polri #Dirgahayu71ThnHumasPolri
Bangkit Bersama Rakyat https://t.co/RfUzM2JOy4"
134,1586568852473008128,2022-10-30 04:01:06+00:00,"Salut banget dengan kinerja para Polri di masyarakat nih #Dirgahayu71ThnHumasPolri
Bangkit Bersama Rakyat https://t.co/4Vk8ydISos"
135,1586568579817869313,2022-10-30 04:00:01+00:00,"Emang ga ada lawan bgt sih ini kinerja nyatanya polri tuh
#Dirgahayu71ThnHumasPolri
Bangkit Bersama Rakyat"
136,1586568579088093185,2022-10-30 04:00:00+00:00,"Tulisan Humas Polri berwarna kuning.
-Melambangkan keagungan fungsi Humas Polri yang sangat diperlukan dalam memasyarakatkan kinerja Polri.
#Dirgahayu71ThnHumasPolri
Bangkit Bersama Rakyat
https://t.co/AgqUwd72To"
137,1586568577276157952,2022-10-30 04:00:00+00:00,"Tulisan humaa polri yang berwarna kuning melambangkan keagungan fungsi humas polri yang sangat diperlukan dalam memasyarakatkan kinerja polri
#Dirgahayu71ThnHumasPolri
Bangkit Bersama Rakyat https://t.co/cDE4nbqCFJ"
138,1586567345396277248,2022-10-30 03:55:06+00:00,@DivHumas_Polri Kami seutuhnya yakin terhadap kinerja Polri menghadapi masalah di Indonesia
139,1586567149556224000,2022-10-30 03:54:20+00:00,@DivHumas_Polri Kami sepenuhnya percaya terhadap kinerja Polri menghadapi masalah di Indonesia
140,1586567134117003265,2022-10-30 03:54:16+00:00,@DivHumas_Polri Kami seluruhnya percaya pada kinerja Polri menghadapi kasus di Indonesia
141,1586566941669367808,2022-10-30 03:53:30+00:00,@DivHumas_Polri Kami semuanya percaya pada kinerja Polri menghadapi kasus di Indonesia
142,1586566931234328576,2022-10-30 03:53:28+00:00,@DivHumas_Polri Kami seutuhnya yakin terhadap kinerja Polri menghadapi masalah di Indonesia
143,1586560641384742912,2022-10-30 03:28:28+00:00,"@siapkawalpolri Mantap, kinerja yang dijalankan polri sudah sangat tegas dan tepat. @ListyoSigitP @DivHumas_Polri"
144,1586560305987203072,2022-10-30 03:27:08+00:00,"Aksi Ojol Surabaya Dukung Polri Perbaiki Kinerjanya

Komunitas Ojol Surabaya mendukung kinerja POLRI memperbaiki citra dengan menggelorakan tagar #DriverOnlineButuhPolisi #OjolSurabayaMitraPolri https://t.co/zubaGXZp6J"
145,1586558089700212736,2022-10-30 03:18:20+00:00,"Aksi Ojol Surabaya Dukung Polri Perbaiki Kinerjanya

Komunitas Ojol Surabaya mendukung kinerja POLRI memperbaiki citra dengan menggelorakan tagar #DriverOnlineButuhPolisi #OjolSurabayaMitraPolri https://t.co/i3nRMmFPpu"
146,1586544189336350721,2022-10-30 02:23:05+00:00,"@siapkawalpolri @ListyoSigitP Betul banget. Sebenernya masih banyak polri yang berintegritas tinggi dan profesional, hanya saja kasus yang besar ini menutup kinerja bagus polri. Semangat terus untuk terus membuktikan komitmennya pak @ListyoSigitP dan @DivHumas_Polri . Semoga bisa lebih baik lagi kedepannya."
147,1586542992730779648,2022-10-30 02:18:20+00:00,"@siapkawalpolri @ListyoSigitP Betul sekali. Memang masih banyak polisi yang berintegritas tinggi dan profesional dalam menjalankan tugasnya, tetapi banyaknya kasus di kepolisian menjadi ujian agar polri terus bangkit dan memberikan kinerja yang terbaik. Semangat pak @ListyoSigitP dan @DivHumas_Polri"
148,1586519855217672192,2022-10-30 00:46:24+00:00,RT @mystore0924: @alfajri221810 @ListyoSigitP Makin tambah aja masyarakat pesimis dengan perbaikan kinerja polisi...Makin nggk jelas ya.
149,1586510300777304067,2022-10-30 00:08:26+00:00,"@PuanGarisLucu @jokowi Betul Bu @puanmaharani_ri , pesan dari pak @jokowi harus bisa dilaksanakan oleh institusi polri @DivHumas_Polri . Institusi harus terus berbenah dan terus evaluasi agar bisa memberikan kinerja yang lebih baik lagi."
150,1586510174898257920,2022-10-30 00:07:56+00:00,"RT @mbok_tuminah: Salam @UGMYogyakarta . Kenapa diam terus tak ambil langkah hukum.

Pak @DivHumas_Polri @CCICPolri , ini salah satu akibat‚Ä¶"
151,1586505040705245184,2022-10-29 23:47:32+00:00,RT @AwangSancaka: apalagi penerbit rilis ini bukan main2. gallup adalah konsultan manajemen kinerja global asal Amerika. Didirikan George G‚Ä¶
152,1586475853353201664,2022-10-29 21:51:33+00:00,Irjen Suharyono meminta kinerja kepolisian dalam melayani harus terus meningkat. https://t.co/UakMkfvK0l
153,1586473545718444032,2022-10-29 21:42:23+00:00,@alfajri221810 @ListyoSigitP Makin tambah aja masyarakat pesimis dengan perbaikan kinerja polisi...Makin nggk jelas ya.
154,1586462734891159552,2022-10-29 20:59:25+00:00,"@persebayaupdate Mengapresiasi kinerja Polisi di dlm tragedi Kanjuruhan adalah sebuah ironi. Saya bisa memahaminya kalo itu dilakukan Humas Polri, tentunya sekedar untuk pencitraan."
155,1586436739245039617,2022-10-29 19:16:07+00:00,"@siapkawalpolri @ListyoSigitP Perubahan zaman sudah canggih, jadi apa salahnya menggunakan teknik ini untuk meng efisiensi kan kinerja polri. Semoga program ini dpat berjalan lancar @ListyoSigitP"
156,1586436452438548480,2022-10-29 19:14:59+00:00,"@siapkawalpolri @ListyoSigitP Setuju banget, E-tilang memang berguna, sekarang jaman nya digital jadi membuat perubahan yg lebih praktis guna mengefesiensikan kinerja polri @ListyoSigitP"
157,1586435938372100096,2022-10-29 19:12:56+00:00,"Mempertanyakan kinerja dari
@jokowi @ojkindonesia @DivHumas_Polri @ListyoSigitP @KejaksaanRI @KPK_RI @ditjen_imigrasi  kenapa pelaku gagal bayar wanaartha diperbolehkan kabur padahal kejadian awal 2020 kabur 2022 tanpa dicekal, dibekukan rekening &amp; ditahan? Ada transaksi apa? https://t.co/agzCgco07a"
158,1586368122914627587,2022-10-29 14:43:28+00:00,@siapkawalpolri ini membuktikan bahwa masih banyak anggota kapolri yang melakukan kinerja dengan sepenuh hati dan selalu mengayomi masyarakat. @ListyoSigitP @DivHumas_Polri
159,1586364247893635072,2022-10-29 14:28:04+00:00,@siapkawalpolri @jokowi @ListyoSigitP semoga kedepannya kapolri bisa menjadi pendamping dan pelayanan masyarakat dan meningkatkan kinerja dan berubah menjadi lebih baik. @ListyoSigitP @DivHumas_Polri
160,1586363011723186176,2022-10-29 14:23:09+00:00,@siapkawalpolri masih banyak anggota kapolri yang melakukan kinerja dengan baik dan selalu membantu masyarakat. semoga kedepannya citra kapolri bisa semakin baik. @DivHumas_Polri @ListyoSigitP
161,1586356064408436736,2022-10-29 13:55:33+00:00,@HumasPoldaJatim Semangat. Teruslah memberikan informasi kegiatan agar masyarakat semakin tahu kinerja Polri
162,1586352216918876160,2022-10-29 13:40:16+00:00,"https://t.co/nho7URNlve
Penanggung Jawab aksi, Ikhwan Sanusi, menuturkan bahwa dalam kegiatan refleksi ini, mereka membawa beberapa poin yang menjadi seruan dan keresahan yaitu; pertama, demokrasi yang direpresif; kedua, revolusi Institusi POLRI karena buruknya kinerja kepolisian https://t.co/0uSeBTQnMb"
163,1586335428436598785,2022-10-29 12:33:33+00:00,"Aksi Ojol Surabaya Dukung Polri Perbaiki Kinerjanya

Komunitas Ojol Surabaya mendukung kinerja POLRI memperbaiki citra dengan menggelorakan tagar #DriverOnlineButuhPolisi #OjolSurabayaMitraPolri https://t.co/HaVUBSsIc7"
164,1586328941916209154,2022-10-29 12:07:46+00:00,Dewan Dorong Kinerja Kepolisian Lebih Maksimal Ungkap Kasus¬†Pembunuhan https://t.co/SvpWShhgSR
165,1586323209523122178,2022-10-29 11:45:00+00:00,@detikcom @kompolnas_ri harusnya bisa mengisi ruang2 kosong pengaduan2 warga terhadap kinerja @DivHumas_Polri kasus sambo membuat sebagian warga belum percaya pada propam.  Jadi jika kompolnas bisa menampung keluhan dan bisa direct ke kapolri @ListyoSigitP
166,1586320374454661120,2022-10-29 11:33:44+00:00,"apalagi penerbit rilis ini bukan main2. gallup adalah konsultan manajemen kinerja global asal Amerika. Didirikan George Gallup pada 1935, dikenal karena jajak pendapat publik yang dilakukan di seluruh dunia. sangat tepercaya! sekali lagi, selamat.
@ListyoSigitP 
@DivHumas_Polri https://t.co/BTFaCi3Bv9"
167,1586303483225030656,2022-10-29 10:26:37+00:00,Dewan Dorong Kinerja Kepolisian Lebih Maksimal Ungkap Kasus¬†Pembunuhan https://t.co/94Dm6GZjMB
168,1586303473494130688,2022-10-29 10:26:34+00:00,Dewan Dorong Kinerja Kepolisian Lebih Maksimal Ungkap Kasus¬†Pembunuhan https://t.co/Zg5UqN63lI
169,1586303462937067520,2022-10-29 10:26:32+00:00,Dewan Dorong Kinerja Kepolisian Lebih Maksimal Ungkap Kasus¬†Pembunuhan https://t.co/gKLPSyJhf6
170,1586297748848271361,2022-10-29 10:03:49+00:00,"RT @PolresSbt: News Update Today‚ÄºÔ∏è‚ÄºÔ∏è‚ÄºÔ∏è
https://t.co/S3GMzgGWDE
#PolresSBT
#PoldaMaluku
#PolriPresisi"
171,1586284990144606208,2022-10-29 09:13:08+00:00,"News Update Today‚ÄºÔ∏è‚ÄºÔ∏è‚ÄºÔ∏è
https://t.co/S3GMzgGWDE
#PolresSBT
#PoldaMaluku
#PolriPresisi"
172,1586283208936542209,2022-10-29 09:06:03+00:00,"@tvOneNews Kalo polisi mau memperbaiki kinerjanya, yang gamlang terang benderang supaya kinerja polri tidak di sebut sambo malu polisi jalan yg baik sambo jga itu yg di jaga di kepolisiannn.."
173,1586273003268022272,2022-10-29 08:25:30+00:00,"Aplikasi Dumas Presisi ini adalah untuk melayani Pengaduan Masyarakat terkait Kinerja POLRI di lapangan atau adanya pelanggaran anggota POLRI dan tidak menerima Laporan Gangguan Kamtibmas.

#humaspoldasulut https://t.co/knjhjIF3ie"
174,1586261321695170560,2022-10-29 07:39:05+00:00,"@siapkawalpolri Aku apresiasi btul kinerja AKP Meita yg turun lngsung membantu masyarakat dlm evakuasi korban banjir &amp; penyembuhan trauma. Tlng @DivHumas_Polri anggota yg kayak gini yg sering"" dipublish ke publik"
175,1586259145010819073,2022-10-29 07:30:26+00:00,@siapkawalpolri Kami sangat percaya masih banyak polisi baik dan jujur. Semoga kinerja polisi kedepannya lebih baik lagi dalam melindungi dan mengayomi masyarakat @ListyoSigitP
176,1586258955432472577,2022-10-29 07:29:40+00:00,"@siapkawalpolri Tidak diragukan lagi bahwa polri selalu melindungi masyarakat dan selalu dekat dengan masyarakat, semoga kedepannya kinerja polri terus meningkat @ListyoSigitP"
177,1586257923839209473,2022-10-29 07:25:34+00:00,@siapkawalpolri Dri postingan ini udh kliatan kok msih bnyak anggota @DivHumas_Polri yg mempunyai kinerja yg baik serta ketulusan dlm melindungi masyarakat
178,1586257730372706304,2022-10-29 07:24:48+00:00,"@siapkawalpolri @jokowi @ListyoSigitP Saya rasa tpat bgt sih insitusi @DivHumas_Polri dipimpin oleh Pak @ListyoSigitP yg memiliki jiwa yg besar, mengakui kesalahan, serta mengintrospeksi kinerja lmbaga agar kedepannya bisa lebih baik lgi"
179,1586248692289323009,2022-10-29 06:48:53+00:00,"#PolriBangkit Pemuda Bersama Polri
Semoga dengan kegiatan ini, bisa terjalin hubungan yang semakin baik dan kinerja polri bisa semakin bagus https://t.co/f6TUfeDhBh"
180,1586248475557376000,2022-10-29 06:48:02+00:00,"Harapan terbentang lebar #PolriBangkit dengan kinerja yg lebih baik, ajarkan kebaikan dan makna pengabdian kepada generasi muda ü§ó

Pemuda Bersama Polri https://t.co/yFcIadn6ge"
181,1586248047704829953,2022-10-29 06:46:20+00:00,@siapkawalpolri Kinerja polri kaya gini harus dikasih tau ke publik nih. Biar nunjukin kalo polri bahkan polwan punya kontribusi dan mau turun langsung membantu rakyat. @DivHumas_Polri
182,1586244941789163520,2022-10-29 06:33:59+00:00,"Mahasiswa UIN Wali Songo  siap mendeklarasikan  dukungan terhadap kinerja Polri
 Tetap semangat jiwa muda untuk Indonesia semakin sukses 
#PolriBangkit Pemuda Bersama Polri https://t.co/bcoXOKiMrg"
183,1586244199602860036,2022-10-29 06:31:02+00:00,"#PolriBangkit bersama Mahasiswa UIN Walisongo Semarang. Semoga bisa meningkatkan kinerja Polri dan menambah wawasan tentang nilai2 perjuangan para pejuang
Selamat hari sumpah pemuda yang ke 94.
Pemuda Bersama Polri https://t.co/fSVovuI8dm"
184,1586236387577176065,2022-10-29 06:00:00+00:00,"Semangat #PolriBangkit turut dirasakan para pemuda. Yuk kita dukung selalu langkah perbaikan kinerja Polri üí™

Pemuda Bersama Polri https://t.co/B4Am8otKr6"
185,1586235820419080194,2022-10-29 05:57:45+00:00,Sebuah tindakan refleksi aksi terhdap kinerja polri yag pada realitasnya tidak menyaomi dan melindungi malahan merusak https://t.co/FGjLkTRiQy
186,1586221292327346176,2022-10-29 05:00:01+00:00,"#PolriBangkit menuju kinerja yg lebih baik. Untuk rakyat harus berusaha memberikan kinerja terbaiknya üëç

Pemuda Bersama Polri https://t.co/X1BKdOkZ3R"
187,1586221291467526145,2022-10-29 05:00:01+00:00,"Semoga kinerja Kapolri makin meningkat , sudah didukung pemuda di UIN Walisongo Semarang.
#PolriBangkit
Pemuda Bersama Polri https://t.co/z2Sd6yW5Oo"
188,1586221289748008965,2022-10-29 05:00:00+00:00,"Luar biasa nih, daebak yaa untuk #PolriBangkit saya sangat bangga dengan kinerja antara Pemuda Bersama Polri üî• https://t.co/RzrJqcaDGf"
189,1586221288191717376,2022-10-29 05:00:00+00:00,"#PolriBangkit untuk kinerja yg lebih baik yaitu adil dan jujur 
Pemuda Bersama Polri siap mendukung https://t.co/XeO4jqT590"
190,1586221257540120576,2022-10-29 04:59:53+00:00,"@siapkawalpolri Aku apresiasi btul kinerja AKP Meita yg turun lngsung membantu masyarakat dlm evakuasi korban banjir &amp; penyembuhan trauma. Tlng @DivHumas_Polri anggota yg kayak gini yg sering"" dipublish ke publik"
191,1586215800087924737,2022-10-29 04:38:11+00:00,"@siapkawalpolri @jokowi @ListyoSigitP Saya rasa tpat bgt sih insitusi @DivHumas_Polri dipimpin oleh Pak @ListyoSigitP yg memiliki jiwa yg besar, mengakui kesalahan, serta mengintrospeksi kinerja lmbaga agar kedepannya bisa lebih baik lgi"
192,1586213630621921280,2022-10-29 04:29:34+00:00,@siapkawalpolri Dri postingan ini udh kliatan kok msih bnyak anggota @DivHumas_Polri yg mempunyai kinerja yg baik serta ketulusan dlm melindungi masyarakat
193,1586205445537992705,2022-10-29 03:57:03+00:00,"Luar biasa, hadirnya kinerja #PolriBangkit dan bersinergi dengan Pemuda Bersama Polri https://t.co/jy9xTvnNn5"
194,1586203826943496192,2022-10-29 03:50:37+00:00,Mensosialisasikan kepada warga kec.Dolok merawan kab.Sergai ttg amplikasi Barcode pelayanan terpadu ttg kinerja anggota Polri dan pelanggaran dalam melayani masyarakat https://t.co/S8AzRAwgyC
195,1586195778904608768,2022-10-29 03:18:38+00:00,"@tempodotco @jokowi @KSPgoid @KemenkesRI @BPOM_RI @DivHumas_Polri Penggrebekan makanan &amp; kosmetik bisa aktif ? Sekarang hanya keberpihakan, pertimbangannya (mungkin) prestasi kinerja optimal saat vaksin2 Covid-19 kemarin yaa...? Tunggu aja &amp; moga LSM / NGO kawal kritis terus... Nyaris tak terdengar KOMPENSASI TUNTUTAN yg siap diajukan ?!? !?! !"
196,1586191340978798594,2022-10-29 03:01:00+00:00,"https://t.co/xvdHr1PPs5
Pemuda di Jawa Tengah siap sedia dalam deklarasikan dukungannya terhadap kinerja Polri #PolriBangkit
Pemuda Bersama Polri"
197,1586191097730138112,2022-10-29 03:00:02+00:00,"Semuanya jmhasil dari kinerja generasi yg cinta bangsa 
#PolriBangkit
Pemuda Bersama Polri https://t.co/UsQWNBroiO"
198,1586184152251916290,2022-10-29 02:32:26+00:00,@siapkawalpolri Kami sangat percaya masih banyak polisi baik dan jujur. Semoga kinerja polisi kedepannya lebih baik lagi dalam melindungi dan mengayomi masyarakat @ListyoSigitP
199,1586183077595779072,2022-10-29 02:28:10+00:00,"@siapkawalpolri Tidak diragukan lagi bahwa polri selalu melindungi masyarakat dan selalu dekat dengan masyarakat, semoga kedepannya kinerja polri terus meningkat @ListyoSigitP"
